Metric,Value
RMSE,435.90236638120393
MAE,308.8406049543253
R2 Score (%),98.47950548331613
MAPE (%),11.35891379346702
